scenario,family,seed,task_count,node_count,edge_count,spacing,fault_edges,fault_windows,node_capacities,merge_groups,merge_capacity,merge_headway_seconds,python_planned,cpp_planned,python_unplanned,cpp_unplanned,python_active_steps,cpp_active_steps,python_ticks,cpp_ticks,python_peak_active_bags,cpp_peak_active_bags,python_holds,cpp_holds,python_conflicts,cpp_conflicts,python_mean_travel_time,cpp_mean_travel_time,mean_travel_abs_diff,python_makespan,cpp_makespan,makespan_abs_diff,python_elapsed_seconds,cpp_elapsed_seconds,cpp_speedup,parity_pass,first_mismatch_field,python_value,cpp_value,notes,layers,source_mode,goal_mode,branch_probability,shortcut_probability,source_histogram,goal_histogram
random_topo_seed211_wide_uniform,rolling_horizon_sipp,211,36,16,35,0.7,none,none,none,none,1,0.0,36,36,0,0,36,36,0,0,0,0,0,0,0,0,16.323139755777778,16.323139755777774,3.552713678800501e-15,45.493165989571935,45.493165989571935,0.0,0.0460883000632748,0.02360339998267591,1.9526127632926629,True,none,,,random DAG-like synthetic topology; layers=3-4-4-3-2; source_mode=uniform; goal_mode=uniform; sources=0:8;1:17;2:11; goals=14:14;15:22,3-4-4-3-2,uniform,uniform,0.45,0.12,0:8;1:17;2:11,14:14;15:22
random_topo_seed211_wide_uniform,periodic_replanning_sipp,211,36,16,35,0.7,none,none,none,none,1,0.0,36,36,0,0,140,140,24,24,26,26,0,0,0,0,23.64909874109535,23.64909874109535,0.0,56.75357645345068,56.75357645345068,0.0,0.016645199968479574,0.03993720002472401,0.4167843503844785,True,none,,,random DAG-like synthetic topology; layers=3-4-4-3-2; source_mode=uniform; goal_mode=uniform; sources=0:8;1:17;2:11; goals=14:14;15:22,3-4-4-3-2,uniform,uniform,0.45,0.12,0:8;1:17;2:11,14:14;15:22
random_topo_seed211_wide_uniform,pibt_active_bag_replay,211,36,16,35,0.7,none,none,none,none,1,0.0,36,36,0,0,200,200,42,42,13,13,59,59,0,0,38.46284237106981,38.462842371069804,7.105427357601002e-15,83.97879584267919,83.97879584267919,0.0,0.018003399949520826,0.02699479996226728,0.6669210357063424,True,none,,,random DAG-like synthetic topology; layers=3-4-4-3-2; source_mode=uniform; goal_mode=uniform; sources=0:8;1:17;2:11; goals=14:14;15:22,3-4-4-3-2,uniform,uniform,0.45,0.12,0:8;1:17;2:11,14:14;15:22
random_topo_seed211_wide_uniform,edge_score_event,211,36,16,35,0.7,none,none,none,none,1,0.0,27,27,9,9,163,163,0,0,0,0,0,0,0,0,14.45974184519356,14.45974184519356,0.0,42.6380276919946,42.6380276919946,0.0,0.06311549991369247,0.02206260000821203,2.8607462352669195,True,none,,,random DAG-like synthetic topology; layers=3-4-4-3-2; source_mode=uniform; goal_mode=uniform; sources=0:8;1:17;2:11; goals=14:14;15:22,3-4-4-3-2,uniform,uniform,0.45,0.12,0:8;1:17;2:11,14:14;15:22
random_topo_seed211_wide_uniform,fallback_event,211,36,16,35,0.7,none,none,none,none,1,0.0,27,27,9,9,161,161,0,0,0,0,0,0,0,0,14.276857900003819,14.27685790000382,1.7763568394002505e-15,40.065910635691274,40.065910635691274,0.0,0.0169525999808684,0.017102599958889186,0.9912294049804501,True,none,,,random DAG-like synthetic topology; layers=3-4-4-3-2; source_mode=uniform; goal_mode=uniform; sources=0:8;1:17;2:11; goals=14:14;15:22,3-4-4-3-2,uniform,uniform,0.45,0.12,0:8;1:17;2:11,14:14;15:22
random_topo_seed223_skewed_bottleneck,rolling_horizon_sipp,223,40,17,39,0.55,none,none,10:2;13:2;14:2,0->6:106;1->6:106;2->6:106,1,0.25,40,40,0,0,40,40,0,0,0,0,0,0,0,0,21.82210515940595,21.822105159405954,3.552713678800501e-15,72.93147188031728,72.93147188031728,0.0,0.01455110008828342,0.028918899944983423,0.5031692116908343,True,none,,,random DAG-like synthetic topology; layers=4-3-5-3-2; source_mode=skewed; goal_mode=skewed; sources=0:30;1:5;2:2;3:3; goals=15:27;16:13,4-3-5-3-2,skewed,skewed,0.5,0.18,0:30;1:5;2:2;3:3,15:27;16:13
random_topo_seed223_skewed_bottleneck,periodic_replanning_sipp,223,40,17,39,0.55,none,none,10:2;13:2;14:2,0->6:106;1->6:106;2->6:106,1,0.25,40,40,0,0,140,140,23,23,28,28,0,0,0,0,25.549788251844703,25.54978825184471,7.105427357601002e-15,76.16294352941152,76.16294352941152,0.0,0.017756700050085783,0.04115720000118017,0.43143605613541774,True,none,,,random DAG-like synthetic topology; layers=4-3-5-3-2; source_mode=skewed; goal_mode=skewed; sources=0:30;1:5;2:2;3:3; goals=15:27;16:13,4-3-5-3-2,skewed,skewed,0.5,0.18,0:30;1:5;2:2;3:3,15:27;16:13
random_topo_seed223_skewed_bottleneck,pibt_active_bag_replay,223,40,17,39,0.55,none,none,10:2;13:2;14:2,0->6:106;1->6:106;2->6:106,1,0.25,40,40,0,0,166,166,43,43,11,11,34,34,0,0,38.85928258253074,38.85928258253074,0.0,89.43509155826301,89.43509155826301,0.0,0.013538599945604801,0.021572800003923476,0.627577316952019,True,none,,,random DAG-like synthetic topology; layers=4-3-5-3-2; source_mode=skewed; goal_mode=skewed; sources=0:30;1:5;2:2;3:3; goals=15:27;16:13,4-3-5-3-2,skewed,skewed,0.5,0.18,0:30;1:5;2:2;3:3,15:27;16:13
random_topo_seed223_skewed_bottleneck,edge_score_event,223,40,17,39,0.55,none,none,10:2;13:2;14:2,0->6:106;1->6:106;2->6:106,1,0.25,26,26,14,14,178,178,0,0,0,0,0,0,0,0,13.859262878558923,13.859262878558924,1.7763568394002505e-15,39.44322003232924,39.44322003232924,0.0,0.05804009991697967,0.024071000050753355,2.4112043452537475,True,none,,,random DAG-like synthetic topology; layers=4-3-5-3-2; source_mode=skewed; goal_mode=skewed; sources=0:30;1:5;2:2;3:3; goals=15:27;16:13,4-3-5-3-2,skewed,skewed,0.5,0.18,0:30;1:5;2:2;3:3,15:27;16:13
random_topo_seed223_skewed_bottleneck,fallback_event,223,40,17,39,0.55,none,none,10:2;13:2;14:2,0->6:106;1->6:106;2->6:106,1,0.25,24,24,16,16,170,170,0,0,0,0,0,0,0,0,14.945838184204069,14.945838184204069,0.0,38.56500979761592,38.56500979761592,0.0,0.020034699933603406,0.018521100049838424,1.0817230013169863,True,none,,,random DAG-like synthetic topology; layers=4-3-5-3-2; source_mode=skewed; goal_mode=skewed; sources=0:30;1:5;2:2;3:3; goals=15:27;16:13,4-3-5-3-2,skewed,skewed,0.5,0.18,0:30;1:5;2:2;3:3,15:27;16:13
random_topo_seed227_burst_repair,rolling_horizon_sipp,227,42,18,42,0.5,none,"3->15@[4.000,18.000)",3:2;11:2;13:2,5->11:111;9->11:111;10->11:111,1,0.0,42,42,0,0,42,42,0,0,0,0,0,0,0,0,19.96455728943612,19.964557289436115,3.552713678800501e-15,33.106568295725005,33.106568295725005,0.0,0.020547399995848536,0.04447169997729361,0.4620331583083094,True,none,,,random DAG-like synthetic topology; layers=3-5-3-5-2; source_mode=burst; goal_mode=alternating; sources=0:18;1:12;2:12; goals=16:21;17:21,3-5-3-5-2,burst,alternating,0.42,0.1,0:18;1:12;2:12,16:21;17:21
random_topo_seed227_burst_repair,periodic_replanning_sipp,227,42,18,42,0.5,none,"3->15@[4.000,18.000)",3:2;11:2;13:2,5->11:111;9->11:111;10->11:111,1,0.0,42,42,0,0,156,156,21,21,42,42,0,0,0,0,26.831854954356814,26.831854954356817,3.552713678800501e-15,48.345139070738995,48.345139070738995,0.0,0.022273199982009828,0.06124399998225272,0.3636797072115498,True,none,,,random DAG-like synthetic topology; layers=3-5-3-5-2; source_mode=burst; goal_mode=alternating; sources=0:18;1:12;2:12; goals=16:21;17:21,3-5-3-5-2,burst,alternating,0.42,0.1,0:18;1:12;2:12,16:21;17:21
random_topo_seed227_burst_repair,pibt_active_bag_replay,227,42,18,42,0.5,none,"3->15@[4.000,18.000)",3:2;11:2;13:2,5->11:111;9->11:111;10->11:111,1,0.0,42,42,0,0,168,168,49,49,11,11,17,17,0,0,54.021373655624785,54.02137365562479,7.105427357601002e-15,98.739128767668,98.739128767668,0.0,0.01624859997536987,0.023678300087340176,0.6862232472531816,True,none,,,random DAG-like synthetic topology; layers=3-5-3-5-2; source_mode=burst; goal_mode=alternating; sources=0:18;1:12;2:12; goals=16:21;17:21,3-5-3-5-2,burst,alternating,0.42,0.1,0:18;1:12;2:12,16:21;17:21
random_topo_seed227_burst_repair,edge_score_event,227,42,18,42,0.5,none,"3->15@[4.000,18.000)",3:2;11:2;13:2,5->11:111;9->11:111;10->11:111,1,0.0,15,15,27,27,136,136,0,0,0,0,0,0,0,0,15.897807462265384,15.897807462265382,1.7763568394002505e-15,25.012399486457177,25.012399486457177,0.0,0.05322420003358275,0.019859099993482232,2.6800912453762233,True,none,,,random DAG-like synthetic topology; layers=3-5-3-5-2; source_mode=burst; goal_mode=alternating; sources=0:18;1:12;2:12; goals=16:21;17:21,3-5-3-5-2,burst,alternating,0.42,0.1,0:18;1:12;2:12,16:21;17:21
random_topo_seed227_burst_repair,fallback_event,227,42,18,42,0.5,none,"3->15@[4.000,18.000)",3:2;11:2;13:2,5->11:111;9->11:111;10->11:111,1,0.0,15,15,27,27,135,135,0,0,0,0,0,0,0,0,16.036052288017622,16.036052288017622,0.0,25.012399486457177,25.012399486457177,0.0,0.018270500004291534,0.014622599934227765,1.2494700044090634,True,none,,,random DAG-like synthetic topology; layers=3-5-3-5-2; source_mode=burst; goal_mode=alternating; sources=0:18;1:12;2:12; goals=16:21;17:21,3-5-3-5-2,burst,alternating,0.42,0.1,0:18;1:12;2:12,16:21;17:21
random_topo_seed229_static_alt,rolling_horizon_sipp,229,44,19,44,0.48,10->12,none,none,4->9:109;5->9:109;7->9:109;8->18:118;12->18:118;13->18:118;15->18:118,1,0.0,44,44,0,0,44,44,0,0,0,0,0,0,0,0,27.35824440918737,27.358244409187368,3.552713678800501e-15,85.22146841976434,85.22146841976434,0.0,0.0165864999871701,0.030903700040653348,0.536715667229193,True,none,,,random DAG-like synthetic topology; layers=4-4-4-4-3; source_mode=alternating; goal_mode=uniform; sources=1:22;3:22; goals=16:18;17:17;18:9,4-4-4-4-3,alternating,uniform,0.38,0.16,1:22;3:22,16:18;17:17;18:9
random_topo_seed229_static_alt,periodic_replanning_sipp,229,44,19,44,0.48,10->12,none,none,4->9:109;5->9:109;7->9:109;8->18:118;12->18:118;13->18:118;15->18:118,1,0.0,44,44,0,0,162,162,31,31,38,38,0,0,0,0,32.878171947052415,32.878171947052415,0.0,90.04850506897797,90.04850506897797,0.0,0.026378300040960312,0.05019229999743402,0.5255447557156945,True,none,,,random DAG-like synthetic topology; layers=4-4-4-4-3; source_mode=alternating; goal_mode=uniform; sources=1:22;3:22; goals=16:18;17:17;18:9,4-4-4-4-3,alternating,uniform,0.38,0.16,1:22;3:22,16:18;17:17;18:9
random_topo_seed229_static_alt,pibt_active_bag_replay,229,44,19,44,0.48,10->12,none,none,4->9:109;5->9:109;7->9:109;8->18:118;12->18:118;13->18:118;15->18:118,1,0.0,44,44,0,0,311,311,63,63,12,12,146,146,0,0,52.00558552439689,52.0055855243969,7.105427357601002e-15,128.366835042939,128.366835042939,0.0,0.028506499947980046,0.041872499976307154,0.6807928823000768,True,none,,,random DAG-like synthetic topology; layers=4-4-4-4-3; source_mode=alternating; goal_mode=uniform; sources=1:22;3:22; goals=16:18;17:17;18:9,4-4-4-4-3,alternating,uniform,0.38,0.16,1:22;3:22,16:18;17:17;18:9
random_topo_seed229_static_alt,edge_score_event,229,44,19,44,0.48,10->12,none,none,4->9:109;5->9:109;7->9:109;8->18:118;12->18:118;13->18:118;15->18:118,1,0.0,23,23,21,21,190,190,0,0,0,0,0,0,0,0,16.121723215616925,16.121723215616925,0.0,44.71990360529814,44.71990360529814,0.0,0.06489879998844117,0.02618269994854927,2.4786901318798895,True,none,,,random DAG-like synthetic topology; layers=4-4-4-4-3; source_mode=alternating; goal_mode=uniform; sources=1:22;3:22; goals=16:18;17:17;18:9,4-4-4-4-3,alternating,uniform,0.38,0.16,1:22;3:22,16:18;17:17;18:9
random_topo_seed229_static_alt,fallback_event,229,44,19,44,0.48,10->12,none,none,4->9:109;5->9:109;7->9:109;8->18:118;12->18:118;13->18:118;15->18:118,1,0.0,21,21,23,23,191,191,0,0,0,0,0,0,0,0,16.876666434728605,16.876666434728605,0.0,44.71990360529814,44.71990360529814,0.0,0.0228610000340268,0.020102799986489117,1.1372047699520187,True,none,,,random DAG-like synthetic topology; layers=4-4-4-4-3; source_mode=alternating; goal_mode=uniform; sources=1:22;3:22; goals=16:18;17:17;18:9,4-4-4-4-3,alternating,uniform,0.38,0.16,1:22;3:22,16:18;17:17;18:9
random_topo_seed233_shortcut_dense,rolling_horizon_sipp,233,48,22,69,0.42,none,"6->10@[3.000,12.000);12->18@[8.000,20.000)",6:2;10:2;14:2,5->18:118;6->10:110;7->10:110;8->10:110;9->10:110;10->18:118;11->18:118;12->18:118;13->18:118,1,0.25,48,48,0,0,48,48,0,0,0,0,0,0,0,0,23.174859450206828,23.174859450206828,0.0,57.75673202170577,57.75673202170577,0.0,0.03319129999727011,0.055455599911510944,0.598520258553376,True,none,,,random DAG-like synthetic topology; layers=5-5-4-5-3; source_mode=skewed; goal_mode=alternating; sources=0:37;1:5;2:2;3:1;4:3; goals=19:16;20:16;21:16,5-5-4-5-3,skewed,alternating,0.6,0.3,0:37;1:5;2:2;3:1;4:3,19:16;20:16;21:16
random_topo_seed233_shortcut_dense,periodic_replanning_sipp,233,48,22,69,0.42,none,"6->10@[3.000,12.000);12->18@[8.000,20.000)",6:2;10:2;14:2,5->18:118;6->10:110;7->10:110;8->10:110;9->10:110;10->18:118;11->18:118;12->18:118;13->18:118,1,0.25,48,48,0,0,186,186,30,30,42,42,0,0,0,0,27.481014319580797,27.481014319580797,0.0,63.58091533417103,63.58091533417103,0.0,0.043093199958093464,0.09120510006323457,0.4724867351520471,True,none,,,random DAG-like synthetic topology; layers=5-5-4-5-3; source_mode=skewed; goal_mode=alternating; sources=0:37;1:5;2:2;3:1;4:3; goals=19:16;20:16;21:16,5-5-4-5-3,skewed,alternating,0.6,0.3,0:37;1:5;2:2;3:1;4:3,19:16;20:16;21:16
random_topo_seed233_shortcut_dense,pibt_active_bag_replay,233,48,22,69,0.42,none,"6->10@[3.000,12.000);12->18@[8.000,20.000)",6:2;10:2;14:2,5->18:118;6->10:110;7->10:110;8->10:110;9->10:110;10->18:118;11->18:118;12->18:118;13->18:118,1,0.25,48,48,0,0,191,191,46,46,13,13,9,9,0,0,49.23216399353708,49.232163993537085,7.105427357601002e-15,93.45797589138103,93.45797589138103,0.0,0.021341000101529062,0.028816800098866224,0.7405749433771693,True,none,,,random DAG-like synthetic topology; layers=5-5-4-5-3; source_mode=skewed; goal_mode=alternating; sources=0:37;1:5;2:2;3:1;4:3; goals=19:16;20:16;21:16,5-5-4-5-3,skewed,alternating,0.6,0.3,0:37;1:5;2:2;3:1;4:3,19:16;20:16;21:16
random_topo_seed233_shortcut_dense,edge_score_event,233,48,22,69,0.42,none,"6->10@[3.000,12.000);12->18@[8.000,20.000)",6:2;10:2;14:2,5->18:118;6->10:110;7->10:110;8->10:110;9->10:110;10->18:118;11->18:118;12->18:118;13->18:118,1,0.25,25,25,23,23,149,149,0,0,0,0,0,0,0,0,13.74296115531216,13.742961155312159,1.7763568394002505e-15,35.43765512558388,35.43765512558388,0.0,0.06239380000624806,0.027179700089618564,2.295602961052529,True,none,,,random DAG-like synthetic topology; layers=5-5-4-5-3; source_mode=skewed; goal_mode=alternating; sources=0:37;1:5;2:2;3:1;4:3; goals=19:16;20:16;21:16,5-5-4-5-3,skewed,alternating,0.6,0.3,0:37;1:5;2:2;3:1;4:3,19:16;20:16;21:16
random_topo_seed233_shortcut_dense,fallback_event,233,48,22,69,0.42,none,"6->10@[3.000,12.000);12->18@[8.000,20.000)",6:2;10:2;14:2,5->18:118;6->10:110;7->10:110;8->10:110;9->10:110;10->18:118;11->18:118;12->18:118;13->18:118,1,0.25,26,26,22,22,145,145,0,0,0,0,0,0,0,0,14.389352671559573,14.389352671559571,1.7763568394002505e-15,37.460790050599066,37.460790050599066,0.0,0.023540299967862666,0.021245600073598325,1.1080082410623902,True,none,,,random DAG-like synthetic topology; layers=5-5-4-5-3; source_mode=skewed; goal_mode=alternating; sources=0:37;1:5;2:2;3:1;4:3; goals=19:16;20:16;21:16,5-5-4-5-3,skewed,alternating,0.6,0.3,0:37;1:5;2:2;3:1;4:3,19:16;20:16;21:16
random_topo_seed239_sparse_repair,rolling_horizon_sipp,239,34,14,22,0.75,none,"3->8@[4.000,18.000)",none,none,1,0.0,34,34,0,0,34,34,0,0,0,0,0,0,0,0,42.501752797976415,42.50175279797642,7.105427357601002e-15,93.34283442569074,93.34283442569074,0.0,0.008586200070567429,0.016521599958650768,0.519695434586023,True,none,,,random DAG-like synthetic topology; layers=3-3-3-3-2; source_mode=burst; goal_mode=skewed; sources=0:12;1:12;2:10; goals=12:25;13:9,3-3-3-3-2,burst,skewed,0.22,0.05,0:12;1:12;2:10,12:25;13:9
random_topo_seed239_sparse_repair,periodic_replanning_sipp,239,34,14,22,0.75,none,"3->8@[4.000,18.000)",none,none,1,0.0,34,34,0,0,133,133,37,37,34,34,0,0,0,0,51.93211074554982,51.932110745549814,7.105427357601002e-15,119.96030287203693,119.96030287203693,0.0,0.012567900004796684,0.026801500003784895,0.46892524683401493,True,none,,,random DAG-like synthetic topology; layers=3-3-3-3-2; source_mode=burst; goal_mode=skewed; sources=0:12;1:12;2:10; goals=12:25;13:9,3-3-3-3-2,burst,skewed,0.22,0.05,0:12;1:12;2:10,12:25;13:9
random_topo_seed239_sparse_repair,pibt_active_bag_replay,239,34,14,22,0.75,none,"3->8@[4.000,18.000)",none,none,1,0.0,34,34,0,0,245,245,80,80,9,9,116,116,0,0,82.12042958072905,82.12042958072905,0.0,163.04635011332857,163.04635011332857,0.0,0.01674799993634224,0.026836700038984418,0.62407076548209,True,none,,,random DAG-like synthetic topology; layers=3-3-3-3-2; source_mode=burst; goal_mode=skewed; sources=0:12;1:12;2:10; goals=12:25;13:9,3-3-3-3-2,burst,skewed,0.22,0.05,0:12;1:12;2:10,12:25;13:9
random_topo_seed239_sparse_repair,edge_score_event,239,34,14,22,0.75,none,"3->8@[4.000,18.000)",none,none,1,0.0,8,8,26,26,99,99,0,0,0,0,0,0,0,0,19.38323119729885,19.383231197298855,3.552713678800501e-15,32.1346992745447,32.1346992745447,0.0,0.02701140008866787,0.012161799939349294,2.221003488247899,True,none,,,random DAG-like synthetic topology; layers=3-3-3-3-2; source_mode=burst; goal_mode=skewed; sources=0:12;1:12;2:10; goals=12:25;13:9,3-3-3-3-2,burst,skewed,0.22,0.05,0:12;1:12;2:10,12:25;13:9
random_topo_seed239_sparse_repair,fallback_event,239,34,14,22,0.75,none,"3->8@[4.000,18.000)",none,none,1,0.0,8,8,26,26,87,87,0,0,0,0,0,0,0,0,18.46667917721614,18.466679177216143,3.552713678800501e-15,28.134699274544698,28.134699274544698,0.0,0.008095999946817756,0.007856399985030293,1.0304974240420548,True,none,,,random DAG-like synthetic topology; layers=3-3-3-3-2; source_mode=burst; goal_mode=skewed; sources=0:12;1:12;2:10; goals=12:25;13:9,3-3-3-3-2,burst,skewed,0.22,0.05,0:12;1:12;2:10,12:25;13:9
